year,tract,pop,lpa,mhlth,obese
1,42101000100,3478,10.9,12.2,20.5
2,42101000100,3478,13.8,12,20.9
3,42101000100,3478,11.9,14.1,19.4
4,42101000100,3478,12.1,14.5,20.3
5,42101000101,2329,9.1,13.1,21
5,42101000102,3511,9.9,13.4,22.1
1,42101000200,2937,26,14.8,21.2
2,42101000200,2937,28,13.8,19.7
3,42101000200,2937,27.1,13.9,18.3
4,42101000200,2937,27.3,15.3,18.8
5,42101000200,3367,20.7,13.9,18.9
1,42101000300,3169,13.4,12.1,21
2,42101000300,3169,16.4,12,21.4
3,42101000300,3169,14.9,13.8,19.9
4,42101000300,3169,15.3,14.4,20.7
5,42101000300,4501,12.2,14.2,21.4
1,42101000401,2125,16.2,12,21.5
2,42101000401,2125,19.5,11.7,21.9
3,42101000401,2125,18.4,13.1,20.3
4,42101000401,2125,18.9,13.9,20.9
5,42101000401,3123,15.4,13.7,22.5
1,42101000402,3142,15.3,9.6,19.3
2,42101000402,3142,18.7,9.7,20.4
3,42101000402,3142,17.9,11.2,18.5
4,42101000402,3142,18.3,11.5,19.2
5,42101000403,1139,13.2,13.3,23.2
5,42101000404,3822,16.2,12.8,22.1
1,42101000500,2329,22.1,17.2,29.7
2,42101000500,2329,27.5,17,29.8
3,42101000500,2329,25.1,17.1,28.3
4,42101000500,2329,25.6,19,28.9
5,42101000500,3614,19,18.3,28
1,42101000600,1781,9.4,13.5,17
2,42101000600,1781,12,12.8,17
3,42101000600,1781,10.3,15.4,15.8
4,42101000600,1781,10.5,16.4,16.5
5,42101000600,2317,10.9,15.2,21.3
1,42101000700,3082,12.6,12.7,20
2,42101000700,3082,15.9,12.4,20.1
3,42101000700,3082,14.2,14.2,18.7
4,42101000700,3082,14.6,15.1,19.5
5,42101000701,2722,13.3,14.8,22.2
5,42101000702,2012,13,14.4,20.5
1,42101000801,1562,11,11.9,20.5
2,42101000801,1562,13.6,11.4,20.4
3,42101000801,1562,11.7,13.5,18.9
4,42101000801,1562,12.1,14.1,19.8
5,42101000801,1748,10,13.3,21.9
1,42101000803,3601,11.3,10.3,19
2,42101000803,3601,14.2,10.2,19.5
3,42101000803,3601,12.8,12.1,18
4,42101000803,3601,13.2,12.5,18.8
5,42101000803,4463,13,13.3,22.1
1,42101000804,3609,11.4,11.3,19
2,42101000804,3609,14.3,11.3,19.4
3,42101000804,3609,12.7,13.4,17.9
4,42101000804,3609,13,13.8,18.7
5,42101000805,2587,10.3,12.5,20.2
5,42101000806,2702,11.3,13,21.9
1,42101000901,2276,12.9,14.5,21.1
2,42101000901,2276,16.6,14.4,21.2
3,42101000901,2276,14.5,15.9,19.9
4,42101000901,2276,15,17.3,20.7
5,42101000901,2409,14.7,16.3,25.7
1,42101000902,2773,16.4,13,19.8
2,42101000902,2773,20.3,13.1,20
3,42101000902,2773,19.3,14.4,18.5
4,42101000902,2773,19.7,15.4,19.2
5,42101000902,2842,17.3,14.2,20.8
1,42101001001,2603,12.2,9.4,20.6
2,42101001001,2603,15.2,9.4,21.4
3,42101001001,2603,14,11.2,19.5
4,42101001001,2603,14.4,11.2,20.4
5,42101001001,2993,14.7,11.3,22.9
1,42101001002,3612,11.7,9.9,20.8
2,42101001002,3612,14.7,9.8,21.7
3,42101001002,3612,13.4,11.7,19.9
4,42101001002,3612,13.7,11.7,20.8
5,42101001002,4651,12.5,11.4,23.4
1,42101001101,3586,14.4,14.2,22.5
2,42101001101,3586,19.2,14.7,23.8
3,42101001101,3586,17.2,15.9,22.2
4,42101001101,3586,17.9,17.3,23
5,42101001101,4297,15.3,16.3,25.7
1,42101001102,2659,10.9,12.5,20.8
2,42101001102,2659,13.9,12.2,21.1
3,42101001102,2659,12,14.2,19.6
4,42101001102,2659,12.4,14.8,20.5
5,42101001102,2800,10.4,14.2,22.2
1,42101001201,3778,10.7,11,20.2
2,42101001201,3778,13.4,10.7,20.7
3,42101001201,3778,11.8,12.9,19.1
4,42101001201,3778,12.1,13.1,20
5,42101001201,3953,11.3,13.7,23
1,42101001202,5137,11.1,12.2,20.3
2,42101001202,5137,14.2,12.1,20.6
3,42101001202,5137,12.5,14.2,19.1
4,42101001202,5137,12.8,14.8,20
5,42101001203,1827,9.7,13.9,21.6
5,42101001204,4014,13,15.6,23.1
1,42101001300,4942,13.2,12,23.4
2,42101001300,4942,16.1,11.6,23.9
3,42101001300,4942,14.5,13.7,22.2
4,42101001300,4942,14.7,14,23
5,42101001301,1671,13,15.3,25.7
5,42101001302,5102,11.6,13.9,22.8
1,42101001400,3950,14.9,13.4,24.1
2,42101001400,3950,19.5,13.6,25.3
3,42101001400,3950,17.7,15.1,23.6
4,42101001400,3950,18.2,15.9,24.4
5,42101001400,4736,14,15.6,25.8
1,42101001500,2708,13.4,12.5,23.2
2,42101001500,2708,17.3,12.7,23.9
3,42101001500,2708,15.5,14.4,22.2
4,42101001500,2708,15.8,14.9,23.1
5,42101001500,3338,12.8,14,24.1
1,42101001600,2192,11.3,12,21.3
2,42101001600,2192,14.4,11.9,21.8
3,42101001600,2192,12.6,14.1,20.2
4,42101001600,2192,12.9,14.3,21.1
5,42101001600,2665,10.5,13.6,22.8
1,42101001700,2647,10.8,11.3,21.2
2,42101001700,2647,13.7,11.1,21.7
3,42101001700,2647,12,13.3,20
4,42101001700,2647,12.2,13.4,21
5,42101001700,2997,10.4,13,23.4
1,42101001800,2873,14.1,12.7,22.4
2,42101001800,2873,16.7,12.1,22.7
3,42101001800,2873,15,14.1,20.9
4,42101001800,2873,15.3,14.4,21.8
5,42101001800,3476,11.5,14.2,24
1,42101001900,2721,13.1,12.6,24.3
2,42101001900,2721,17.9,13.2,25.6
3,42101001900,2721,16,14.9,24
4,42101001900,2721,16.3,15.8,24.8
5,42101001900,4083,14.5,18.1,26
1,42101002000,2092,26.8,17,36
2,42101002000,2092,29.9,15.1,35.4
3,42101002000,2092,28.6,16,33.4
4,42101002000,2092,29.1,17.1,34
5,42101002000,2537,17.6,16.7,30.2
1,42101002100,2036,25.4,17.3,35.3
2,42101002100,2036,29.2,16,35.2
3,42101002100,2036,27.7,16.9,33.2
4,42101002100,2036,28.2,18,33.8
5,42101002100,2462,18.2,18.5,30.6
1,42101002200,2281,21.5,16.4,31
2,42101002200,2281,25.9,15.7,31.5
3,42101002200,2281,24.1,16.6,29.7
4,42101002200,2281,24.7,18,30.4
5,42101002200,2750,21,20,32.6
1,42101002300,2682,18.8,14.7,23.6
2,42101002300,2682,23.4,14.7,24.2
3,42101002300,2682,21.7,15.7,22.4
4,42101002300,2682,22.3,16.7,23.3
5,42101002300,3043,16.6,15.7,25.5
1,42101002400,5129,17.7,13.8,22.7
2,42101002400,5129,20.9,13.2,23.1
3,42101002400,5129,19.3,14.6,21.4
4,42101002400,5129,19.6,15.2,22.2
5,42101002400,5624,16.9,15.2,25.1
1,42101002500,3769,21.3,15.9,28.7
2,42101002500,3769,25.7,15.4,29
3,42101002500,3769,24,16.2,27.1
4,42101002500,3769,24.8,17.3,28
5,42101002500,4393,21.7,18.1,29.7
1,42101002701,3874,25.8,17.7,27.4
2,42101002701,3874,29.9,16.7,27.2
3,42101002701,3874,28.3,16.9,25.5
4,42101002701,3874,29,18.6,26.2
5,42101002701,4200,17.1,14.8,25.9
1,42101002702,3566,19.5,15.4,26.1
2,42101002702,3566,22.5,14.8,26.5
3,42101002702,3566,20.6,15.8,24.5
4,42101002702,3566,21.2,16.6,25.6
5,42101002702,4268,15.3,16,26.2
1,42101002801,4324,26,16.2,24.5
2,42101002801,4324,30.9,15.8,25
3,42101002801,4324,29.8,16.2,23.4
4,42101002801,4324,30.3,17.6,24.1
5,42101002801,4364,24.2,17.6,27.5
1,42101002802,5539,20.2,14.2,22.6
2,42101002802,5539,25.9,14.6,24.4
3,42101002802,5539,24.4,15.2,22.6
4,42101002802,5539,25.1,16.3,23.5
5,42101002802,5375,20.1,16.5,26.4
1,42101002900,4141,20.3,15.3,24.9
2,42101002900,4141,23.9,14.6,25.4
3,42101002900,4141,22.1,15.4,23.4
4,42101002900,4141,22.8,16.2,24.4
5,42101002900,4351,13.6,14.7,24.9
1,42101003001,4664,25.8,15,23.2
2,42101003001,4664,31.6,15.3,24.2
3,42101003001,4664,30.6,15.2,22.6
4,42101003001,4664,31.2,16.8,23.2
5,42101003001,4188,24.3,15.8,24.9
1,42101003002,3200,28.5,18.4,33.4
2,42101003002,3200,31.2,16.7,32.8
3,42101003002,3200,29.9,17.1,30.8
4,42101003002,3200,30.6,18.6,31.5
5,42101003002,3529,20.8,17.7,30.8
1,42101003100,4437,28,17,36.2
2,42101003100,4437,32.9,16.1,37
3,42101003100,4437,31.6,16.6,34.9
4,42101003100,4437,32.3,18,35.5
5,42101003100,5089,19.3,16.9,30.5
1,42101003200,4875,34,21.8,41.1
2,42101003200,4875,36.9,19.3,39.7
3,42101003200,4875,35.4,19.3,37.6
4,42101003200,4875,36.3,21.1,38.2
5,42101003200,4511,24.2,19.2,34.6
1,42101003300,6162,32.6,22.2,37.5
2,42101003300,6162,36.5,20.1,37
3,42101003300,6162,34.7,19.8,35
4,42101003300,6162,35.7,21.7,35.8
5,42101003300,6307,27.7,19.9,36.8
1,42101003600,6723,36.9,21.9,36.5
2,42101003600,6723,40.6,20.1,35.9
3,42101003600,6723,39.5,19.4,33.8
4,42101003600,6723,40.6,21.5,34.5
5,42101003600,6571,31.3,18.1,33.4
1,42101003701,6609,32.4,20.6,37
2,42101003701,6609,35.5,18.5,36.1
3,42101003701,6609,34.1,18.6,34.1
4,42101003701,6609,34.9,20.3,34.8
5,42101003701,6106,28,19.2,34.8
1,42101003702,3707,30.6,19.9,32.2
2,42101003702,3707,36.8,19.5,32.7
3,42101003702,3707,35.3,19,30.7
4,42101003702,3707,36.2,20.9,31.5
5,42101003702,3678,25.5,17.5,30.6
1,42101003800,3898,22.1,15.1,25.6
2,42101003800,3898,25.5,14.6,26.1
3,42101003800,3898,24,15.3,23.9
4,42101003800,3898,24.6,16,25.1
5,42101003800,3820,17.7,15,25.7
1,42101003901,6062,23.5,16.2,25.5
2,42101003901,6062,27.4,15.6,26
3,42101003901,6062,25.9,16.1,24.1
4,42101003901,6062,26.6,17.2,25.1
5,42101003901,6219,20.9,16.2,27
1,42101003902,5507,21.7,15.5,25.8
2,42101003902,5507,25,14.9,26.3
3,42101003902,5507,23.6,15.8,24.2
4,42101003902,5507,24.1,16.3,25.4
5,42101003902,5697,20.3,16.8,27.8
1,42101004001,4259,24.5,17.4,26.1
2,42101004001,4259,29.6,17.1,27.3
3,42101004001,4259,28,17.2,25.3
4,42101004001,4259,28.9,18.6,26.3
5,42101004001,4477,20.8,18.1,29.1
1,42101004002,4998,23,16.4,25.9
2,42101004002,4998,27.5,16,26.8
3,42101004002,4998,25.9,16.4,24.7
4,42101004002,4998,26.6,17.2,25.8
5,42101004002,5359,21.4,16.6,26.7
1,42101004101,6243,34.2,19.8,29
2,42101004101,6243,37.3,18,28.3
3,42101004101,6243,36.3,17.5,26.4
4,42101004101,6243,37.1,19.3,27
5,42101004101,7166,27.9,18.2,27.9
1,42101004102,7848,35.4,22.2,30.1
2,42101004102,7848,37.9,19.7,29
3,42101004102,7848,36.3,18.7,27.1
4,42101004102,7848,37.5,20.9,27.9
5,42101004103,4273,34.3,19.3,29.3
5,42101004104,4561,29.9,18.1,27.9
1,42101004201,5105,22.6,16.9,26.8
2,42101004201,5105,26.9,16.6,27.3
3,42101004201,5105,25,17.1,25.3
4,42101004201,5105,25.7,18.2,26.4
5,42101004201,5287,21,17.2,28.2
1,42101004202,4925,27.4,18.5,27.6
2,42101004202,4925,33.2,18.5,29
3,42101004202,4925,31.5,18.2,26.8
4,42101004202,4925,32.6,19.7,27.9
5,42101004202,5261,28.4,18.5,28.9
1,42101005400,1314,25.8,16.5,35.2
2,42101005400,1314,30.6,15.6,35.7
3,42101005400,1314,29.2,16.3,33.7
4,42101005400,1314,29.7,17.2,34.2
5,42101005400,1191,27.7,17.2,37
1,42101005500,5635,26.3,16.8,35.3
2,42101005500,5635,30.8,15.8,35.5
3,42101005500,5635,29.5,16.7,33.4
4,42101005500,5635,30,17.6,34.1
5,42101005500,5498,28,18,38.4
1,42101005600,1111,33.1,23.1,39.1
2,42101005600,1111,36.6,20.6,37.8
3,42101005600,1111,35.1,20.7,35.9
4,42101005600,1111,36.2,22.9,36.5
5,42101005600,1061,29,20.9,38.9
1,42101006000,6450,30.7,19.8,36.2
2,42101006000,6450,36.9,19.1,37.1
3,42101006000,6450,35.5,19,34.9
4,42101006000,6450,36.3,20.6,35.6
5,42101006000,6607,31.6,19.3,38.5
1,42101006100,3123,29.1,17.7,35.5
2,42101006100,3123,34.2,16.9,36.3
3,42101006100,3123,32.9,17.2,34.2
4,42101006100,3123,33.5,18.6,34.9
5,42101006100,3380,29.2,19,38.3
1,42101006200,4524,32.3,22.9,40
2,42101006200,4524,38.6,22,40.1
3,42101006200,4524,36.5,21.5,38.2
4,42101006200,4524,37.5,23.9,38.8
5,42101006200,4498,27,19.8,38.7
1,42101006300,4236,36.1,22.7,39
2,42101006300,4236,41.1,21.4,38.5
3,42101006300,4236,39.5,20.4,36.6
4,42101006300,4236,40.5,22.8,37.2
5,42101006300,4022,35.7,22.3,41.3
1,42101006400,4472,33.2,22,38.5
2,42101006400,4472,38.5,20.7,38.5
3,42101006400,4472,36.7,20.1,36.7
4,42101006400,4472,37.8,22.5,37.3
5,42101006400,4549,37.9,23.6,42.8
1,42101006500,4486,32.6,19.8,41
2,42101006500,4486,37.6,18.7,41.6
3,42101006500,4486,36.4,18.7,39.5
4,42101006500,4486,37.2,20.4,40.1
5,42101006500,4663,30,19.4,40.5
1,42101006600,3750,41.5,23.7,40.8
2,42101006600,3750,46.8,22.3,41
3,42101006600,3750,45.7,20.6,39
4,42101006600,3750,47.1,23.5,39.5
5,42101006600,3592,40.1,21.7,43.1
1,42101006700,7472,31.7,21.9,37.9
2,42101006700,7472,35.7,20.1,37.5
3,42101006700,7472,33.8,20.1,35.6
4,42101006700,7472,34.5,21.9,36.3
5,42101006700,7450,33.3,21.9,40.8
1,42101006900,2539,39,26,44.5
2,42101006900,2539,46.4,25.3,46.1
3,42101006900,2539,44.7,23.6,44.1
4,42101006900,2539,46.3,26.8,44.7
1,42101007000,3990,32.8,20.6,40.7
2,42101007000,3990,38.4,19.5,42.1
3,42101007000,3990,37,19.3,40
4,42101007000,3990,37.9,21.2,40.5
5,42101007000,3892,31.9,20.7,42.1
1,42101007101,2557,40.1,23.8,44.4
2,42101007101,2557,45.8,22.5,44.6
3,42101007101,2557,44.6,21.1,42.5
4,42101007101,2557,46,23.8,43.1
5,42101007101,2437,31.3,20.4,41.7
1,42101007102,4924,35.1,20.9,42.7
2,42101007102,4924,40.5,19.9,42.9
3,42101007102,4924,39.4,19.5,40.8
4,42101007102,4924,40.4,21.5,41.2
5,42101007102,4674,37.2,22.1,44.6
1,42101007200,4773,34.1,20.5,41.5
2,42101007200,4773,39,19.4,42
3,42101007200,4773,37.7,19.2,39.8
4,42101007200,4773,38.7,21.1,40.3
5,42101007200,4502,35.1,21.6,43.8
1,42101007300,3088,30.1,19.7,38.4
2,42101007300,3088,34.1,18,38.2
3,42101007300,3088,32.5,18.5,36.1
4,42101007300,3088,33.2,19.9,36.7
5,42101007300,3207,23.7,18.8,36.3
1,42101007400,4338,32,20.4,39.2
2,42101007400,4338,36.8,19.2,38.8
3,42101007400,4338,35.5,19.2,36.7
4,42101007400,4338,36.3,21.1,37.3
5,42101007400,4225,30.7,20.8,38.3
1,42101007700,2380,20.5,18.7,24
2,42101007700,2380,25.7,18.8,24
3,42101007700,2380,24,18.8,22.5
4,42101007700,2380,24.7,21.7,23.3
5,42101007700,2302,17.6,20.7,23.7
1,42101007800,4177,19.1,16.4,28
2,42101007800,4177,23.3,15.8,28.2
3,42101007800,4177,21.4,16.9,26.5
4,42101007800,4177,22.1,18.2,27.3
5,42101007800,4358,17.9,18.1,29.5
1,42101007900,4553,16.6,14.6,26.3
2,42101007900,4553,21.3,14.7,27.4
3,42101007900,4553,19.5,16.1,25.7
4,42101007900,4553,20,17.1,26.5
5,42101007900,4722,14.8,15.8,27.2
1,42101008000,3951,26.1,17,36.1
2,42101008000,3951,28.6,15.4,35.4
3,42101008000,3951,27.2,16.4,33.5
4,42101008000,3951,27.9,17.4,34
5,42101008000,3942,20.2,16.8,33.4
1,42101008101,2758,34.2,20.7,42.2
2,42101008101,2758,38.7,19,41.7
3,42101008101,2758,37.4,19,39.5
4,42101008101,2758,38.4,20.7,40
5,42101008101,2715,34,20.9,42.5
1,42101008102,5028,36.5,21.3,42.6
2,42101008102,5028,40.9,19.5,42.3
3,42101008102,5028,39.6,19,40.1
4,42101008102,5028,40.8,21,40.6
5,42101008102,5034,32,20.6,41.2
1,42101008200,6797,30.3,17,38.1
2,42101008200,6797,35.8,16.4,38.8
3,42101008200,6797,34.8,16.9,36.6
4,42101008200,6797,35.4,18,37.2
5,42101008200,6935,33.9,20.7,43.4
1,42101008301,4081,33.4,17,37.5
2,42101008301,4081,38.9,16.3,38.8
3,42101008301,4081,38.5,16.5,36.4
4,42101008301,4081,39.3,17.6,36.9
5,42101008301,4310,34.6,19.3,40.7
1,42101008302,4307,33.3,19.6,40.5
2,42101008302,4307,39.5,18.9,41.6
3,42101008302,4307,38.3,18.7,39.4
4,42101008302,4307,39.1,20.4,40
5,42101008302,4998,34.5,22,41.5
1,42101008400,4488,34.1,20,41.1
2,42101008400,4488,40,19.3,41.8
3,42101008400,4488,38.7,19.1,39.7
4,42101008400,4488,39.7,20.9,40.2
5,42101008400,4611,32.5,19.8,41.5
1,42101008500,6313,35.4,21.7,41.9
2,42101008500,6313,39.2,19.5,41.3
3,42101008500,6313,37.8,19.2,39.2
4,42101008500,6313,38.7,21,39.7
5,42101008500,6773,31.2,21.8,40.9
1,42101008601,2947,16,15,24.9
2,42101008601,2947,21.1,15.2,25.7
3,42101008601,2947,19.2,16.5,24.1
4,42101008601,2947,19.7,17.7,24.8
5,42101008601,3212,16.4,17.6,27
1,42101008602,3010,26.2,17.8,35
2,42101008602,3010,33.1,18,37.1
3,42101008602,3010,31.5,18.1,35.2
4,42101008602,3010,32.3,20,35.8
5,42101008602,3452,28.2,21.9,37.3
1,42101008701,4147,15.2,15,20.9
2,42101008701,4147,19.5,15.2,21.2
3,42101008701,4147,17.6,16.3,19.9
4,42101008701,4147,18,18,20.6
5,42101008701,4347,12.3,15.4,22.1
1,42101008702,3036,13.7,15.4,19.3
2,42101008702,3036,17.4,15,18.9
3,42101008702,3036,15.4,16.3,17.7
4,42101008702,3036,15.8,18.1,18.4
5,42101008702,3441,17.8,19.1,22.5
1,42101008801,988,17.9,22.6,18.9
2,42101008801,988,23.5,22.9,18.8
3,42101008801,988,21.3,22.1,17.6
4,42101008801,988,21.9,26.6,18.4
5,42101008801,1600,18.6,25.2,19.2
1,42101008802,6983,19.4,24.7,20.1
2,42101008802,6983,26.8,25.7,20.8
3,42101008802,6983,24.6,24.1,19.4
4,42101008802,6983,25.7,29.7,20.4
5,42101008802,6580,22.1,26,21.8
1,42101009000,5576,20.7,25.9,22
2,42101009000,5576,27.1,25.9,21.9
3,42101009000,5576,24.6,24,20.4
4,42101009000,5576,25.5,29.5,21.5
5,42101009000,7694,24.1,30.1,23.9
1,42101009100,2803,24.5,17.8,28.3
2,42101009100,2803,29.9,17.7,29.2
3,42101009100,2803,28.4,17.3,27.4
4,42101009100,2803,29.4,19.9,28
5,42101009100,3934,26.6,19.9,29
1,42101009200,2884,30.1,22,38
2,42101009200,2884,32.6,19.2,36.5
3,42101009200,2884,30.8,19.2,34.8
4,42101009200,2884,31.8,21.4,35.3
5,42101009200,3974,24.7,21,32.2
1,42101009300,4221,33.1,20.9,41
2,42101009300,4221,39.1,20.4,42.1
3,42101009300,4221,37.8,20.1,40.1
4,42101009300,4221,38.9,22.3,40.6
5,42101009300,4261,32.9,22.1,42.6
1,42101009400,3827,38.9,22.3,43.5
2,42101009400,3827,44.4,21.2,44.4
3,42101009400,3827,43.3,20.3,42.3
4,42101009400,3827,44.7,22.7,42.8
5,42101009400,3766,42.2,24.2,45.7
1,42101009500,3313,36.5,22.5,43.1
2,42101009500,3313,41.4,20.8,43.3
3,42101009500,3313,40.2,20.2,41.2
4,42101009500,3313,41.3,22.5,41.7
5,42101009500,3289,37.3,22.8,45
1,42101009600,4238,35.9,21.8,43
2,42101009600,4238,39,19.4,41.5
3,42101009600,4238,37.7,19.3,39.4
4,42101009600,4238,38.8,21.1,40
5,42101009600,4275,27.9,20,39.2
1,42101009801,2184,22.8,16.1,34.1
2,42101009801,2184,27.2,15.3,34.9
3,42101009801,2184,25.6,16.7,32.8
4,42101009801,2184,25.9,17.4,33.5
5,42101009801,2206,24.4,19.1,38.9
1,42101009802,5475,25.3,17.8,36.8
2,42101009802,5475,30.5,16.8,37.5
3,42101009802,5475,28.6,17.7,35.5
4,42101009802,5475,29.2,18.9,36.2
5,42101009802,5495,24.4,18.8,39.6
1,42101010000,4366,30.1,20.2,38.6
2,42101010000,4366,32.7,17.7,37.5
3,42101010000,4366,31,18.3,35.5
4,42101010000,4366,31.5,19.6,36.2
5,42101010000,4397,28.5,19.8,40
1,42101010100,5459,30.5,18.5,38.9
2,42101010100,5459,34.3,16.8,39.4
3,42101010100,5459,32.9,17.3,37.3
4,42101010100,5459,33.7,18.7,37.9
5,42101010100,5640,25.2,17.4,38
1,42101010200,3187,37.3,22.5,43.2
2,42101010200,3187,41.8,20.6,43
3,42101010200,3187,40.6,20,40.8
4,42101010200,3187,41.7,22.1,41.3
5,42101010200,3147,32,20.5,42.4
1,42101010300,2449,32.7,20.7,41
2,42101010300,2449,36.5,18.7,40.6
3,42101010300,2449,35,18.9,38.5
4,42101010300,2449,35.9,20.5,39.2
5,42101010300,2572,32.9,21.4,44
1,42101010400,3332,38.2,23.6,43.8
2,42101010400,3332,44.2,22.3,44.5
3,42101010400,3332,42.8,21.1,42.5
4,42101010400,3332,44.3,23.8,43
5,42101010400,3573,37,23.4,45
1,42101010500,3746,40.9,20,41.7
2,42101010500,3746,44.2,18.1,41.4
3,42101010500,3746,43.9,17.7,39.1
4,42101010500,3746,45.2,19.4,39.5
5,42101010500,3363,32.6,18.5,40
1,42101010600,1476,42,24.3,46.1
2,42101010600,1476,47.7,22.9,46.6
3,42101010600,1476,46.5,21,44.5
4,42101010600,1476,48.2,23.9,44.9
5,42101010600,1476,41.3,23,45
1,42101010700,3562,37.1,23.9,43.7
2,42101010700,3562,42.9,22.3,43.5
3,42101010700,3562,41.3,21.4,41.5
4,42101010700,3562,42.6,23.9,42
5,42101010700,3479,43.5,26.1,46.3
1,42101010800,3611,34.5,23.6,41
2,42101010800,3611,40.9,22.5,41.7
3,42101010800,3611,39.1,21.4,39.7
4,42101010800,3611,40.4,24.2,40.3
5,42101010800,3936,35.6,25.7,42.9
1,42101010900,2313,33,24.7,39.4
2,42101010900,2313,36.4,22.1,37.6
3,42101010900,2313,34.6,21.1,35.7
4,42101010900,2313,35.6,24.3,36.3
5,42101010900,2641,28.9,24.5,34.7
1,42101011000,3470,39.9,25.1,45.7
2,42101011000,3470,47.1,24.1,46.1
3,42101011000,3470,45.5,22.3,44
4,42101011000,3470,46.9,25.2,44.5
5,42101011000,3378,36.5,22,44.7
1,42101011100,3712,32.6,20.6,41.6
2,42101011100,3712,36.5,18.7,40.7
3,42101011100,3712,35.1,18.8,38.7
4,42101011100,3712,35.9,20.5,39.2
5,42101011100,3537,32.9,21.1,42.8
1,42101011200,5494,34,20.6,42
2,42101011200,5494,38.3,19,41.3
3,42101011200,5494,37,19,39.2
4,42101011200,5494,38,20.8,39.8
5,42101011200,5598,35.7,22.3,44.3
1,42101011300,2917,33.7,19.3,41.3
2,42101011300,2917,39.7,18.8,42.5
3,42101011300,2917,38.8,18.5,40.3
4,42101011300,2917,39.7,20.3,40.8
5,42101011300,2834,35.9,20.6,43.8
1,42101011400,6126,26.9,16.5,36.3
2,42101011400,6126,34.6,16.7,39.4
3,42101011400,6126,33.4,17.1,37.2
4,42101011400,6126,34.2,18.5,37.8
5,42101011400,6320,26.6,17.7,39
1,42101011500,4282,25.1,17.8,36.3
2,42101011500,4282,28.4,15.9,35.9
3,42101011500,4282,26.7,17.1,33.8
4,42101011500,4282,27,17.9,34.6
5,42101011500,4104,23.9,18.2,38.2
1,42101011700,1931,19.6,21.1,26
2,42101011700,1931,24.5,20.6,26.2
3,42101011700,1931,22.7,20.9,24.5
4,42101011700,1931,23.4,23.8,25.4
5,42101011700,1893,21.7,23.1,25.8
1,42101011800,5621,30.3,17.7,39.5
2,42101011800,5621,35.5,17,40.6
3,42101011800,5621,34.6,17.2,38.4
4,42101011800,5621,35.4,18.6,38.8
5,42101011800,5491,26,16.8,39.1
1,42101011900,5195,31.9,19.2,40.4
2,42101011900,5195,34.1,16.9,38.9
3,42101011900,5195,32.9,17.4,36.8
4,42101011900,5195,33.5,18.6,37.3
5,42101011900,5016,29.9,18.3,38.6
1,42101012000,1947,19.8,17.2,28
2,42101012000,1947,23.2,16.2,28
3,42101012000,1947,21.9,17.4,26.2
4,42101012000,1947,22.3,19.1,27
5,42101012000,1943,20.2,17.9,28.8
1,42101012100,2547,25.6,15.3,32.3
2,42101012100,2547,29.8,14.5,32.8
3,42101012100,2547,28.8,15.3,30.7
4,42101012100,2547,29.5,16.2,31.4
5,42101012100,2817,22.3,15.7,33.4
1,42101012201,2911,24.3,16,27.6
2,42101012201,2911,29.8,16.3,28.4
3,42101012201,2911,28.7,16.5,26.6
4,42101012201,2911,29.7,18.3,27.3
5,42101012201,2893,29,17.7,31.6
1,42101012203,1120,18.1,15.6,23.7
2,42101012203,1120,20.2,14.4,22.8
3,42101012203,1120,18.7,15.7,21.3
4,42101012203,1120,19.2,17.1,21.9
5,42101012203,658,15.6,17.9,23.7
1,42101012204,3564,24.7,13,30.3
2,42101012204,3564,29.4,12.7,31.3
3,42101012204,3564,28.8,13.7,29.1
4,42101012204,3564,29.4,14.2,29.6
5,42101012204,3694,25.3,13.7,32.9
1,42101012500,5210,13.8,12.1,19.6
2,42101012500,5210,16.3,11.7,19.5
3,42101012500,5210,14.8,13.6,18.1
4,42101012500,5210,15.2,14.2,18.8
5,42101012501,2935,16,16.6,22.6
5,42101012502,5141,13.1,13.7,22.9
1,42101013100,1529,25.8,19.1,34.7
2,42101013100,1529,34.8,20.3,37.2
3,42101013100,1529,33.2,20.1,35.4
4,42101013100,1529,34.4,22.5,36
5,42101013100,1709,29.4,21.1,36.8
1,42101013200,2914,33.5,19,39.1
2,42101013200,2914,36.9,17.3,38.1
3,42101013200,2914,35.8,17.1,36
4,42101013200,2914,36.7,18.9,36.5
5,42101013200,3221,29.6,20,33.8
1,42101013300,2854,18,17.7,27.8
2,42101013300,2854,18.3,14.3,25.4
3,42101013300,2854,16.3,16,23.9
4,42101013300,2854,16.8,17.2,24.7
5,42101013300,4057,13,17.2,25.2
1,42101013401,2288,13.8,10,20.5
2,42101013401,2288,17.2,10,21.6
3,42101013401,2288,16.2,11.8,19.7
4,42101013401,2288,16.7,11.9,20.6
5,42101013401,2971,14.4,12.3,23.1
1,42101013402,2922,11,12.3,20.7
2,42101013402,2922,13.8,11.8,21
3,42101013402,2922,12.1,14.1,19.5
4,42101013402,2922,12.3,14.5,20.4
5,42101013402,3635,12,15.4,24.3
1,42101013500,3222,16.4,13.5,25.8
2,42101013500,3222,19.6,12.9,26.4
3,42101013500,3222,18.1,14.6,24.6
4,42101013500,3222,18.4,15.1,25.4
5,42101013500,4252,12.8,16.3,25.2
1,42101013601,2677,11.5,11.5,21.1
2,42101013601,2677,14.7,11.4,21.8
3,42101013601,2677,13,13.5,20.1
4,42101013601,2677,13.2,13.7,21
5,42101013601,2911,11,12.8,23.2
1,42101013602,3503,12.6,12.5,22.4
2,42101013602,3503,15.7,12.2,22.9
3,42101013602,3503,13.9,14.1,21.2
4,42101013602,3503,14.3,14.6,22.2
5,42101013602,3776,11.3,13.5,24.2
1,42101013700,4813,25.9,18.4,35.3
2,42101013700,4813,29.5,16.7,35
3,42101013700,4813,27.9,17.4,33.1
4,42101013700,4813,28.5,18.8,33.8
5,42101013701,2122,15.1,17.9,27.5
5,42101013702,3913,22.2,19.8,33.9
1,42101013800,2061,29.9,19.4,38.6
2,42101013800,2061,34.3,17.9,38.5
3,42101013800,2061,32.8,18.1,36.4
4,42101013800,2061,33.6,19.7,36.9
5,42101013800,2126,22,19.4,33.3
1,42101013900,3764,32.6,19.8,37.9
2,42101013900,3764,35.8,17.7,37.8
3,42101013900,3764,34.7,17.9,35.6
4,42101013900,3764,35.6,19.4,36.2
5,42101013900,2520,27,19.1,36.9
1,42101014000,3010,27.6,20.7,36.6
2,42101014000,3010,31.5,18.9,35.5
3,42101014000,3010,29.8,18.9,33.7
4,42101014000,3010,30.6,21.3,34.4
5,42101014000,5456,18,20.4,28.3
1,42101014100,2094,36.3,20.5,39.6
2,42101014100,2094,42.5,19.8,40.4
3,42101014100,2094,41.8,19,38.3
4,42101014100,2094,43.1,21.3,38.7
5,42101014100,3088,33.5,20.9,38.3
1,42101014200,3570,12.5,13.3,21.6
2,42101014200,3570,15.2,12.7,21.7
3,42101014200,3570,13.2,14.8,20.2
4,42101014200,3570,13.4,15.2,21.1
5,42101014201,3497,10.3,14.5,22.3
5,42101014202,2309,10,13.8,20.9
1,42101014300,1439,15.5,14.1,23.9
2,42101014300,1439,18.4,13.4,24.1
3,42101014300,1439,16.4,14.8,22.3
4,42101014300,1439,16.8,15.5,23.3
5,42101014300,1937,12.6,16,24.4
1,42101014400,3105,22.8,16.8,29.3
2,42101014400,3105,26.6,15.8,28.9
3,42101014400,3105,25.1,16.7,27
4,42101014400,3105,25.6,18,27.8
5,42101014400,5111,17.2,18.1,26.3
1,42101014500,2464,29.9,23.5,32.1
2,42101014500,2464,37.2,23.5,32.9
3,42101014500,2464,35.5,22.7,30.9
4,42101014500,2464,36.6,26.1,31.7
5,42101014500,2718,30.2,24.3,32
1,42101014600,4289,24.3,22.4,27.4
2,42101014600,4289,30,22.4,27.8
3,42101014600,4289,28.3,22.3,26
4,42101014600,4289,29.2,25.6,26.8
5,42101014600,7477,22.3,27.3,25.9
1,42101014700,3939,24.3,28.2,28.3
2,42101014700,3939,32.5,29.1,29
3,42101014700,3939,30.1,26.7,27.4
4,42101014700,3939,31.4,32.8,28.4
5,42101014700,4781,27.9,30.6,31.9
1,42101014800,785,40.9,24.3,43.5
2,42101014800,785,49.1,24.2,44.6
3,42101014800,785,48.3,22.2,42.4
4,42101014800,785,49.8,25.4,42.8
5,42101014800,1099,32.8,21.5,40.6
1,42101014900,3967,39.5,22.8,44
2,42101014900,3967,46.4,22.2,45.1
3,42101014900,3967,45.3,20.7,42.9
4,42101014900,3967,46.5,23.3,43.3
5,42101014900,3765,39.6,23.1,43.3
1,42101015101,2038,37.8,22.9,44.5
2,42101015101,2038,43.7,21.9,44.5
3,42101015101,2038,42.3,20.8,42.6
4,42101015101,2038,43.6,23.4,43.1
5,42101015101,2217,31.4,21.2,41.8
1,42101015102,4269,40.2,23.5,44.7
2,42101015102,4269,46.1,22.1,45
3,42101015102,4269,44.9,20.9,42.9
4,42101015102,4269,46.4,23.4,43.4
5,42101015102,4154,39.7,22.7,43.5
1,42101015200,6133,38.4,26,44.2
2,42101015200,6133,43.3,23.9,43.4
3,42101015200,6133,41.5,22.7,41.5
4,42101015200,6133,42.9,25.7,42
5,42101015200,5509,38.1,24.9,44.3
1,42101015300,4962,26.3,27.7,30.6
2,42101015300,4962,33.7,28,30.6
3,42101015300,4962,31.2,25.8,28.9
4,42101015300,4962,32.5,31.1,29.8
5,42101015300,7943,29.2,31,30.8
1,42101015600,1741,38.3,22.5,38.4
2,42101015600,1741,38.7,18.6,35.6
3,42101015600,1741,37.9,18.7,33.5
4,42101015600,1741,38.6,20.5,34.2
5,42101015600,1902,32.6,20.2,37
1,42101015700,2641,26.9,17.9,31.3
2,42101015700,2641,32.8,17.4,32.4
3,42101015700,2641,31.8,17.9,30.4
4,42101015700,2641,32.3,19.4,31.2
5,42101015700,2924,23.7,20.2,31.4
1,42101015800,5684,17.7,15.4,24.8
2,42101015800,5684,19.8,14.1,24.4
3,42101015800,5684,18,15.4,22.5
4,42101015800,5684,18.4,16,23.5
5,42101015800,6575,14.1,16.6,25.3
1,42101016000,7002,19.8,17.2,26.2
2,42101016000,7002,22.4,16.1,26
3,42101016000,7002,20.5,17.1,24.1
4,42101016000,7002,21.2,18.1,25.2
5,42101016001,2695,15.4,16.4,26.3
5,42101016002,4236,15.4,16.8,26.6
1,42101016100,5590,24.8,17.7,28
2,42101016100,5590,26.9,15.6,27.2
3,42101016100,5590,25.4,16.5,25.4
4,42101016100,5590,25.8,17.6,26.2
5,42101016100,6583,16.4,16.8,26.6
1,42101016200,2225,35.2,19.9,36.1
2,42101016200,2225,39.5,17.9,35.8
3,42101016200,2225,39.1,18.3,33.6
4,42101016200,2225,39.7,20,34.3
5,42101016200,2078,35.2,20.1,37
1,42101016300,3248,42.1,23.3,38.6
2,42101016300,3248,48.4,21.9,39.2
3,42101016300,3248,48.2,21.1,37
4,42101016300,3248,49.2,23.6,37.6
5,42101016300,3243,38.6,21.2,37.2
1,42101016400,4564,39.9,22.4,40.9
2,42101016400,4564,44,20.2,40.4
3,42101016400,4564,43.6,20,38.2
4,42101016400,4564,44.5,22,38.8
5,42101016400,4181,48.8,24.8,44.6
1,42101016500,2758,46.3,28.8,47.9
2,42101016500,2758,48,24.6,45.3
3,42101016500,2758,46.5,22.8,43.3
4,42101016500,2758,48.2,26.1,43.7
5,42101016500,2477,41.5,24.2,46.2
1,42101016600,1788,32,23.5,39.1
2,42101016600,1788,35.3,21,37.4
3,42101016600,1788,33.3,20.7,35.6
4,42101016600,1788,34.1,23,36.2
5,42101016600,1838,30.6,24.4,36.1
1,42101016701,3055,36.3,22.4,42.1
2,42101016701,3055,42,21,42.5
3,42101016701,3055,40.6,20.2,40.5
4,42101016701,3055,41.5,22.5,41
5,42101016701,2833,29.9,20.7,41.8
1,42101016702,2903,36.8,23.5,41.4
2,42101016702,2903,45.2,23.6,42.9
3,42101016702,2903,43.6,21.8,40.8
4,42101016702,2903,44.9,24.9,41.3
5,42101016702,2908,39.5,25.4,44.8
1,42101016800,3935,38.7,23.4,44.8
2,42101016800,3935,44.3,21.6,44.9
3,42101016800,3935,42.9,20.5,42.8
4,42101016800,3935,44.2,23,43.4
5,42101016800,3565,40.7,24,48
1,42101016901,3466,35.7,21.7,43.3
2,42101016901,3466,39.1,19.3,42.1
3,42101016901,3466,37.7,19,40
4,42101016901,3466,38.6,20.9,40.6
5,42101016901,3125,33.7,19.9,42.7
1,42101016902,5524,40.2,24,45.3
2,42101016902,5524,46.7,22.5,45.6
3,42101016902,5524,45.2,21,43.5
4,42101016902,5524,46.6,23.6,44
5,42101016902,5030,37.3,22.3,45.7
1,42101017000,2953,24.2,17.2,34.5
2,42101017000,2953,27.4,15.7,33.7
3,42101017000,2953,25.7,16.7,31.8
4,42101017000,2953,26.1,17.8,32.4
5,42101017000,3126,25.3,19.2,36.2
1,42101017100,4047,32.6,19.6,40.2
2,42101017100,4047,38.6,18.8,41.4
3,42101017100,4047,37.6,18.9,39.1
4,42101017100,4047,38.4,20.4,39.6
5,42101017100,3722,39.1,22.1,45
1,42101017201,3194,31.2,18.5,39.2
2,42101017201,3194,37.9,18.4,41.1
3,42101017201,3194,36.9,18.5,38.9
4,42101017201,3194,37.6,19.9,39.4
5,42101017201,2903,39.6,21.9,44.3
1,42101017202,4056,40.6,23.5,44.9
2,42101017202,4056,46.3,22.1,44.8
3,42101017202,4056,45.1,20.8,42.6
4,42101017202,4056,46.4,23.3,43.1
5,42101017202,3729,36,21.2,43.7
1,42101017300,3165,37.9,22.3,44.5
2,42101017300,3165,44.3,21.4,45.1
3,42101017300,3165,42.8,20.1,43
4,42101017300,3165,44.1,22.6,43.4
5,42101017300,2872,39.4,21.1,46.2
1,42101017400,2419,41,24.3,45.7
2,42101017400,2419,42.3,20.4,42.8
3,42101017400,2419,40.9,19.8,40.6
4,42101017400,2419,41.9,21.9,41.2
5,42101017400,2307,40.6,23,44.9
1,42101017500,7016,44.9,25.3,42.6
2,42101017500,7016,52.2,24,43.3
3,42101017500,7016,51.9,22.5,41.2
4,42101017500,7016,53.1,25.4,41.7
5,42101017500,6711,47.1,23.9,44.5
1,42101017601,5562,43,23.1,40.4
2,42101017601,5562,51,22.6,41.7
3,42101017601,5562,51,21.6,39.5
4,42101017601,5562,51.9,24.3,40.1
5,42101017601,5027,47.3,22.7,43.2
1,42101017602,3914,47.1,27.2,43.4
2,42101017602,3914,53.9,25.4,43.7
3,42101017602,3914,53.3,23.5,41.6
4,42101017602,3914,54.7,26.9,42.2
5,42101017602,3573,48.9,24.8,44.2
1,42101017701,3705,41.2,26.7,40.3
2,42101017701,3705,48.2,25.4,40.3
3,42101017701,3705,47,24,38.3
4,42101017701,3705,48.3,27.2,39
5,42101017701,3552,40.4,24,39.4
1,42101017702,5076,45.1,27.3,42.5
2,42101017702,5076,51.6,25.6,42.7
3,42101017702,5076,50.8,23.7,40.7
4,42101017702,5076,52.1,27.2,41.3
5,42101017702,4582,47.5,26,43.8
1,42101017800,6704,39.9,26.2,39.5
2,42101017800,6704,46.5,24.9,39.7
3,42101017800,6704,45.1,23.3,37.7
4,42101017800,6704,46.5,26.5,38.4
5,42101017800,6246,38.9,23.4,41.3
1,42101017900,6313,33.5,23.5,35.5
2,42101017900,6313,37.7,21.3,34.9
3,42101017900,6313,36,20.7,32.8
4,42101017900,6313,37,22.9,33.8
5,42101017900,6152,34.1,23.6,38.7
1,42101018001,2586,23,18,28
2,42101018001,2586,26.8,17.1,27.8
3,42101018001,2586,24.8,17.6,25.7
4,42101018001,2586,25.6,18.6,26.9
5,42101018001,2485,21.9,19,30.4
1,42101018002,5451,24.2,18.9,28.4
2,42101018002,5451,28,17.7,28.4
3,42101018002,5451,25.9,17.9,26.2
4,42101018002,5451,26.8,19.1,27.4
5,42101018002,5439,22,19.8,30.5
1,42101018300,4313,22.2,16.6,26.5
2,42101018300,4313,26.1,16.3,27
3,42101018300,4313,24.3,16.9,24.8
4,42101018300,4313,25,17.7,26.1
5,42101018300,4326,20.3,17.4,28
1,42101018400,2260,23.1,18.2,27.8
2,42101018400,2260,27.1,17.3,28.2
3,42101018400,2260,25,17.7,26
4,42101018400,2260,25.8,18.7,27.3
5,42101018400,2278,22.7,19,31.3
1,42101018800,8322,38.4,25.4,39
2,42101018800,8322,44,23.7,38.8
3,42101018800,8322,42.4,22.4,36.8
4,42101018800,8322,43.7,25.2,37.6
5,42101018801,4445,52.5,28.9,47.5
5,42101018802,3570,37.8,23.5,40.8
1,42101019000,7543,32.8,20.6,34.9
2,42101019000,7543,39.3,19.8,35.6
3,42101019000,7543,38,19.7,33.5
4,42101019000,7543,38.7,21.6,34.4
5,42101019000,7806,42.5,23.5,40.7
1,42101019100,7937,32.7,18.4,31.9
2,42101019100,7937,37.3,17.1,32.1
3,42101019100,7937,36.5,17.6,29.9
4,42101019100,7937,37,18.8,30.8
5,42101019100,8237,34.5,19.1,33.7
1,42101019200,7972,39.5,24.6,39.2
2,42101019200,7972,45.1,22.8,38.9
3,42101019200,7972,44.1,21.9,36.9
4,42101019200,7972,45.1,24.6,37.6
5,42101019200,7661,45,24.9,44.1
1,42101019501,4927,42,23.3,39.8
2,42101019501,4927,46.5,20.9,39
3,42101019501,4927,46.3,20.6,36.9
4,42101019501,4927,47.1,22.9,37.6
5,42101019501,4689,46.2,22.6,42.7
1,42101019502,3675,43.7,25.5,40.5
2,42101019502,3675,51.8,24.5,41.7
3,42101019502,3675,51.4,23.1,39.5
4,42101019502,3675,52.7,26.2,40.2
5,42101019502,3494,49.3,25.1,44.3
1,42101019700,7001,37.6,21.9,39
2,42101019700,7001,41.5,19.8,39
3,42101019700,7001,41.1,19.9,36.8
4,42101019700,7001,41.7,21.8,37.5
5,42101019700,6416,49.2,24.7,45.4
1,42101019800,6195,41.2,23.1,41
2,42101019800,6195,45.9,21,40.8
3,42101019800,6195,45.3,20.5,38.6
4,42101019800,6195,46.3,22.8,39.3
5,42101019800,5763,34.1,18.6,38
1,42101019900,4419,43.7,24.9,43.2
2,42101019900,4419,48.2,22.5,42.6
3,42101019900,4419,47.5,21.4,40.5
4,42101019900,4419,48.7,24.1,41
5,42101019900,4389,45,23.4,44
1,42101020000,1265,35.9,23.5,40.2
2,42101020000,1265,41.9,22.3,40.2
3,42101020000,1265,40.3,21.1,38.3
4,42101020000,1265,41.5,23.8,38.8
5,42101020000,1277,41.6,25.1,45.4
1,42101020101,3547,36.8,22.1,42.4
2,42101020101,3547,44.3,21.6,43.8
3,42101020101,3547,43,20.3,41.8
4,42101020101,3547,44.5,22.9,42.2
5,42101020101,3750,36.9,21.4,43.3
1,42101020102,3353,30.4,18.7,38.5
2,42101020102,3353,37,18.4,39.8
3,42101020102,3353,35.6,18.5,37.7
4,42101020102,3353,36.3,20,38.3
5,42101020102,3490,35.6,21.5,43
1,42101020200,5189,38.8,22.5,44.3
2,42101020200,5189,40.6,19,41.7
3,42101020200,5189,39.3,18.6,39.6
4,42101020200,5189,40.3,20.3,40.1
5,42101020200,4932,28.6,17.9,38.7
1,42101020300,2769,38.4,22.9,44.1
2,42101020300,2769,41.6,20.3,42.4
3,42101020300,2769,40.4,19.8,40.3
4,42101020300,2769,41.3,21.7,40.9
5,42101020300,2786,34.2,20.4,41.6
1,42101020400,3050,37.8,22.7,44.2
2,42101020400,3050,43.7,21.5,44.5
3,42101020400,3050,42.3,20.4,42.4
4,42101020400,3050,43.6,22.9,43
5,42101020400,3052,38.4,22.5,45.7
1,42101020500,2819,35.5,19.1,40
2,42101020500,2819,42.4,18.9,41.3
3,42101020500,2819,41.6,18.4,39
4,42101020500,2819,42.7,20.1,39.6
5,42101020500,2728,37.2,19.9,41.5
1,42101020600,1819,19.4,16,26.8
2,42101020600,1819,21.7,14.3,26.4
3,42101020600,1819,20.2,15.6,24.6
4,42101020600,1819,20.7,16.7,25.5
5,42101020600,2043,15.7,18.4,25.8
1,42101020700,5841,13.8,14.2,22.2
2,42101020700,5841,16.4,13.6,22.3
3,42101020700,5841,14.5,15.4,20.6
4,42101020700,5841,14.9,16.2,21.5
5,42101020701,3863,11.7,14.3,24.7
5,42101020702,2464,13.2,17.3,23.9
1,42101020800,1971,15.6,14.6,22.5
2,42101020800,1971,18.9,14.1,23.3
3,42101020800,1971,17.5,15.7,21.6
4,42101020800,1971,18,17,22.4
5,42101020800,2490,16.3,17.6,26
1,42101020900,2910,14.5,15.3,22.5
2,42101020900,2910,17.1,14.4,22.3
3,42101020900,2910,15,16,20.7
4,42101020900,2910,15.5,17,21.7
5,42101020900,3165,12.9,16.6,24.8
1,42101021000,4917,16,16.2,22.7
2,42101021000,4917,19.3,15.7,22.6
3,42101021000,4917,17.2,16.9,21
4,42101021000,4917,17.8,18.2,22
5,42101021000,5470,14.1,17.5,24.9
1,42101021100,2327,15.8,13.6,23.7
2,42101021100,2327,18.8,13.1,23.8
3,42101021100,2327,17.1,14.6,22
4,42101021100,2327,17.6,15.1,23
5,42101021100,2656,15.9,17,26.4
1,42101021200,2245,16.8,15,24.2
2,42101021200,2245,20.3,14.5,24.6
3,42101021200,2245,18.4,15.8,22.7
4,42101021200,2245,18.8,16.4,23.7
5,42101021200,2423,16.1,16.7,26.5
1,42101021300,3551,15.9,15.2,23.7
2,42101021300,3551,18.3,14.2,23.5
3,42101021300,3551,16.4,15.7,21.9
4,42101021300,3551,16.8,16.4,22.8
5,42101021300,3573,14.8,17.1,25.9
1,42101021400,3880,15.2,17,22.7
2,42101021400,3880,18.1,15.9,22
3,42101021400,3880,15.9,17.3,20.6
4,42101021400,3880,16.4,18.7,21.5
5,42101021400,4217,11.7,16.7,23.2
1,42101021500,3857,14.6,15.2,22.4
2,42101021500,3857,17.6,14.7,22.7
3,42101021500,3857,15.6,16.2,21.1
4,42101021500,3857,16.2,17.2,22.1
5,42101021500,4135,13.9,17.2,24.8
1,42101021600,1826,16.2,14.5,24.1
2,42101021600,1826,21.2,14.9,25.1
3,42101021600,1826,19.3,16.1,23.3
4,42101021600,1826,19.8,16.9,24.3
5,42101021600,2251,15.4,16.1,25.7
1,42101021700,5772,17.7,13.7,24.1
2,42101021700,5772,20.6,12.9,24.7
3,42101021700,5772,19.1,14.4,22.6
4,42101021700,5772,19.4,14.6,23.7
5,42101021700,5783,18.7,16.3,28
1,42101021800,4259,17.4,16,24.1
2,42101021800,4259,21,15.6,24.3
3,42101021800,4259,19,16.8,22.6
4,42101021800,4259,19.6,17.9,23.5
5,42101021800,4424,19.2,18.8,29.4
1,42101021900,1432,16.8,13.2,24.4
2,42101021900,1432,20.4,12.9,25.3
3,42101021900,1432,18.9,14.4,23.2
4,42101021900,1432,19.3,14.6,24.4
5,42101021900,1492,19.6,16.1,28.9
1,42101022000,1681,18.5,10,20.5
2,42101022000,1681,19.9,9.1,20.8
3,42101022000,1681,19.3,10.5,18.8
4,42101022000,1681,19.6,10.4,19.6
5,42101022000,1446,18,11.7,23.6
1,42101023100,1262,12.3,10.4,22
2,42101023100,1262,15.6,10.4,23.2
3,42101023100,1262,14.2,12.3,21.1
4,42101023100,1262,14.4,12.1,22.2
5,42101023100,1285,12.6,11.8,23.8
1,42101023500,1161,17.4,12.4,27.8
2,42101023500,1161,21.4,12.1,28.7
3,42101023500,1161,20.2,13.5,26.6
4,42101023500,1161,20.6,13.8,27.5
5,42101023500,1108,16.3,13,27
1,42101023600,2619,17.2,11.5,26.3
2,42101023600,2619,19.9,10.8,26.4
3,42101023600,2619,18.9,12.5,24.3
4,42101023600,2619,19.1,12.5,25.2
5,42101023600,2698,16.2,12.3,27
1,42101023700,4566,19.4,13,29
2,42101023700,4566,22.9,12.2,30.2
3,42101023700,4566,21.8,13.9,28.1
4,42101023700,4566,22,14.1,28.7
5,42101023700,4850,21.9,15.3,33.2
1,42101023800,4391,21.1,13.7,30.3
2,42101023800,4391,25.2,13.1,31.4
3,42101023800,4391,24.1,14.6,29.4
4,42101023800,4391,24.5,15,30
5,42101023800,4441,22.1,16.6,33.6
1,42101023900,1777,23.6,14.9,33.4
2,42101023900,1777,29.4,14.8,34.8
3,42101023900,1777,28,15.5,32.8
4,42101023900,1777,29,16.8,33.3
5,42101023900,1857,26.8,19,33.4
1,42101024000,3822,20.8,15.7,31.1
2,42101024000,3822,25.5,15.2,31.7
3,42101024000,3822,24,16.4,29.8
4,42101024000,3822,24.5,17.5,30.5
5,42101024000,3808,20,16.5,32.6
1,42101024100,1433,40.2,19.5,43.1
2,42101024100,1433,46.7,18.6,44.2
3,42101024100,1433,46,17.1,42
4,42101024100,1433,47.5,19.2,42.3
5,42101024100,1343,37.1,18.1,41.2
1,42101024200,4236,29.1,20.2,38.4
2,42101024200,4236,34,18.8,38.6
3,42101024200,4236,32.4,19.1,36.5
4,42101024200,4236,33.3,20.8,37.2
5,42101024200,4113,31.6,21.4,41.6
1,42101024300,3913,27.5,18.6,38
2,42101024300,3913,32.4,17.8,38.4
3,42101024300,3913,30.9,18.2,36.4
4,42101024300,3913,31.5,19.8,37
5,42101024300,3878,25,18.4,37.3
1,42101024400,3129,30.7,20.1,40.2
2,42101024400,3129,37.9,19.8,41.6
3,42101024400,3129,36.3,19.5,39.5
4,42101024400,3129,37.2,21.5,40
5,42101024400,3152,24.3,16.8,37.9
1,42101024500,4035,35.8,22.9,43.6
2,42101024500,4035,42.3,22,43.6
3,42101024500,4035,40.7,21.1,41.5
4,42101024500,4035,42,23.6,42
5,42101024500,4251,37.1,22,42.7
1,42101024600,2956,39,24.7,44.8
2,42101024600,2956,46,23.6,45.2
3,42101024600,2956,44.5,21.8,43.1
4,42101024600,2956,45.9,24.8,43.6
5,42101024600,2956,34.8,21.8,42.8
1,42101024700,4423,31.2,20.3,39.7
2,42101024700,4423,34,18,38.9
3,42101024700,4423,32.5,18.3,36.9
4,42101024700,4423,33.2,19.9,37.4
5,42101024700,4489,28.9,19.9,40.6
1,42101024800,1889,31.1,18.8,40
2,42101024800,1889,35.2,17.3,39.9
3,42101024800,1889,33.9,17.7,37.7
4,42101024800,1889,34.6,19,38.3
5,42101024800,1912,33,20.7,42.9
1,42101024900,3311,36.1,21.8,43.4
2,42101024900,3311,43.6,21.3,44.7
3,42101024900,3311,42.3,20.3,42.6
4,42101024900,3311,43.6,22.7,43.1
5,42101024900,3412,40.6,23.5,46.8
1,42101025200,7118,34.7,21.3,41.4
2,42101025200,7118,39.2,19.5,41.1
3,42101025200,7118,37.9,19.2,39
4,42101025200,7118,39,21.1,39.5
5,42101025200,7267,33.5,21,42.9
1,42101025300,4002,30.2,18.7,38.8
2,42101025300,4002,35.4,17.8,39.6
3,42101025300,4002,34,18.1,37.4
4,42101025300,4002,34.8,19.5,38.1
5,42101025300,3859,25.3,18.4,39
1,42101025400,3920,23.6,14,33.8
2,42101025400,3920,28.5,13.7,35.3
3,42101025400,3920,27.7,14.9,33.1
4,42101025400,3920,28.1,15.4,33.7
5,42101025400,4152,25.6,16.5,37
1,42101025500,2571,20.5,13.8,31.1
2,42101025500,2571,22.2,12.1,30.5
3,42101025500,2571,20.9,13.8,28.4
4,42101025500,2571,21.2,14,29.1
5,42101025500,2667,18.5,14.5,31
1,42101025600,2742,17.4,12.3,27.4
2,42101025600,2742,21.3,12,28.3
3,42101025600,2742,20,13.7,26.2
4,42101025600,2742,20.3,13.7,27
5,42101025600,2609,16.8,12.9,28.6
1,42101025700,3463,17.6,14,26.3
2,42101025700,3463,20.4,13.2,26.4
3,42101025700,3463,19,15,24.5
4,42101025700,3463,19.3,15.4,25.4
5,42101025700,3456,15.4,14.2,27.2
1,42101025800,1681,25.5,14.4,35.5
2,42101025800,1681,29.3,13,36
3,42101025800,1681,28.6,14.4,33.7
4,42101025800,1681,29,14.7,34.3
5,42101025800,1663,31.4,16.9,38.8
1,42101025900,4755,25.9,16.1,37.2
2,42101025900,4755,30.5,15.1,37.8
3,42101025900,4755,29.5,16.3,35.6
4,42101025900,4755,30,17,36.2
5,42101025900,4674,26,16.9,38.2
1,42101026000,2788,25,14.8,36.5
2,42101026000,2788,28.7,13.8,36.8
3,42101026000,2788,27.9,15.1,34.5
4,42101026000,2788,28.1,15.6,35.2
5,42101026000,2850,24.3,15.5,37
1,42101026100,2995,28.4,15.5,38.1
2,42101026100,2995,31.5,13.9,38.3
3,42101026100,2995,30.8,14.9,35.9
4,42101026100,2995,31.2,15.5,36.4
5,42101026100,3060,23.4,13.9,34.9
1,42101026200,4065,25.9,14.8,36.5
2,42101026200,4065,30.4,14,37.9
3,42101026200,4065,29.7,15.1,35.6
4,42101026200,4065,30.1,15.7,36.1
5,42101026200,4076,29.3,15.9,39
1,42101026301,3840,28.6,17.2,39
2,42101026301,3840,33.2,16.2,39.4
3,42101026301,3840,32.2,16.9,37.2
4,42101026301,3840,32.8,17.9,37.8
5,42101026301,3726,25.1,15.9,38.4
1,42101026302,5480,26.2,16.1,36.2
2,42101026302,5480,30.1,15,36.8
3,42101026302,5480,29,16.2,34.6
4,42101026302,5480,29.3,16.8,35.2
5,42101026302,5353,23.2,16.6,37.2
1,42101026400,5241,25.6,15.2,36.4
2,42101026400,5241,28.6,13.9,36.2
3,42101026400,5241,27.7,15.3,33.8
4,42101026400,5241,27.8,15.7,34.4
5,42101026400,5199,27.3,17.3,38.9
1,42101026500,4340,29.9,18,38.7
2,42101026500,4340,34,16.6,39
3,42101026500,4340,32.8,17.3,36.8
4,42101026500,4340,33.2,18.3,37.4
5,42101026500,4285,33.4,20.5,42.3
1,42101026600,6667,30.2,18,39.7
2,42101026600,6667,34.2,16.5,40
3,42101026600,6667,33.1,17.1,37.8
4,42101026600,6667,33.8,18.3,38.3
5,42101026600,6409,33.6,19.5,42.6
1,42101026700,6565,32.8,19.4,40.7
2,42101026700,6565,36.6,17.5,40.6
3,42101026700,6565,35.6,17.9,38.4
4,42101026700,6565,36.4,19.3,38.9
5,42101026700,6617,31,19.1,41.2
1,42101026800,4647,29.2,17.9,37.4
2,42101026800,4647,34.2,16.8,38.3
3,42101026800,4647,32.9,17.2,36.1
4,42101026800,4647,33.6,18.5,36.7
5,42101026800,4651,29.2,18,38.8
1,42101026900,2199,27.3,15.6,33.5
2,42101026900,2199,30.3,14,33
3,42101026900,2199,29.4,14.9,30.8
4,42101026900,2199,29.8,15.6,31.5
5,42101026900,2231,24.6,15,35
1,42101027000,2326,23.1,15,32.9
2,42101027000,2326,27.2,14.1,33.5
3,42101027000,2326,25.9,15.3,31.5
4,42101027000,2326,26.3,15.9,32
5,42101027000,2270,20.4,14.6,33
1,42101027100,2453,27.6,16.7,31.4
2,42101027100,2453,30.6,14.9,31.1
3,42101027100,2453,29.6,15.8,29.1
4,42101027100,2453,29.9,16.6,29.7
5,42101027100,2353,25.5,15.4,31.8
1,42101027200,4278,26.3,17.2,35.3
2,42101027200,4278,31.7,17,36.6
3,42101027200,4278,30.3,17.8,34.6
4,42101027200,4278,30.8,18.9,35.3
5,42101027200,4256,27.7,18,37.9
1,42101027300,6069,30,18.3,31.4
2,42101027300,6069,35.2,17.3,31.9
3,42101027300,6069,34,17.6,30
4,42101027300,6069,34.4,18.9,30.7
5,42101027300,5951,35.1,20,35.6
1,42101027401,3457,30.4,18.1,30.6
2,42101027401,3457,35.5,17.1,30.7
3,42101027401,3457,34.5,17.3,28.8
4,42101027401,3457,35,18.7,29.4
5,42101027401,3298,40.1,20.6,36.6
1,42101027402,6800,29.8,19.4,33.9
2,42101027402,6800,36.7,19.4,35.2
3,42101027402,6800,35.4,19.4,33.3
4,42101027402,6800,36,21.2,34
5,42101027402,6499,34.8,21.4,37.7
1,42101027500,4489,27.3,17.6,33.6
2,42101027500,4489,34.4,17.7,35.3
3,42101027500,4489,33.1,18,33.4
4,42101027500,4489,33.6,19.4,34
5,42101027500,4503,29.3,18.1,36.5
1,42101027600,3600,30,19.6,39.2
2,42101027600,3600,35.7,18.6,40.1
3,42101027600,3600,34.2,18.9,38
4,42101027600,3600,34.8,20.4,38.6
5,42101027600,3546,31.9,19.5,41.9
1,42101027700,4788,36.7,19.8,39.6
2,42101027700,4788,39.8,17.7,39.2
3,42101027700,4788,39.1,17.8,37
4,42101027700,4788,40.1,19.2,37.4
5,42101027700,4918,36.3,19.1,41.3
1,42101027800,4481,31,18.3,38.6
2,42101027800,4481,36.3,17.3,39.5
3,42101027800,4481,35.1,17.6,37.3
4,42101027800,4481,35.7,18.9,37.8
5,42101027800,4655,34.1,20.3,42.7
1,42101027901,3827,29.1,18.1,38.1
2,42101027901,3827,35.2,17.6,39.6
3,42101027901,3827,33.9,18.1,37.4
4,42101027901,3827,34.6,19.5,38
5,42101027901,3796,32.2,20.7,42.4
1,42101027902,3873,24.2,24.2,29.3
2,42101027902,3873,29.5,23.7,29.6
3,42101027902,3873,27.5,23.3,27.8
4,42101027902,3873,28.3,27,28.7
5,42101027902,3572,32.7,26.4,38.6
1,42101028000,4272,35.4,21.5,42.9
2,42101028000,4272,37.9,19,41.5
3,42101028000,4272,36.6,19,39.3
4,42101028000,4272,37.4,20.7,39.8
5,42101028000,4180,33.7,21.5,42.9
1,42101028100,3589,30.4,19.2,39.3
2,42101028100,3589,37.8,19.1,41.6
3,42101028100,3589,36.6,18.9,39.5
4,42101028100,3589,37.6,20.8,40.1
5,42101028100,3362,34.2,20.7,42.7
1,42101028200,4899,29.1,17.3,36.3
2,42101028200,4899,37,18,38.2
3,42101028200,4899,35.8,17.9,36.2
4,42101028200,4899,36.8,19.7,36.7
5,42101028200,4696,41,22.3,43.7
1,42101028300,6173,32.5,19.7,38.3
2,42101028300,6173,38.2,19,39.1
3,42101028300,6173,36.8,18.8,37
4,42101028300,6173,37.6,20.6,37.6
5,42101028300,6294,39.6,22.6,43.5
1,42101028400,4085,35.1,22.3,41.6
2,42101028400,4085,41.3,21.3,41.9
3,42101028400,4085,40.1,20.7,39.9
4,42101028400,4085,41,23,40.5
5,42101028400,3811,45.7,25,47.3
1,42101028500,2375,37.7,22.2,37
2,42101028500,2375,42.7,20.4,37.3
3,42101028500,2375,41.8,19.9,35.3
4,42101028500,2375,42.7,22.1,36
5,42101028500,2303,43.5,23.1,41.9
1,42101028600,7124,34.8,21.3,37.3
2,42101028600,7124,39.3,19.7,36.8
3,42101028600,7124,38.3,19.5,34.8
4,42101028600,7124,38.9,21.6,35.5
5,42101028600,6668,36.4,21.6,38.2
1,42101028700,2507,37.3,21.8,38.8
2,42101028700,2507,45.8,21.9,40.7
3,42101028700,2507,44.9,21.2,38.7
4,42101028700,2507,46,23.7,39.3
5,42101028700,2371,45,24.3,44.8
1,42101028800,4245,38.8,22.6,36.2
2,42101028800,4245,45.8,21.8,37.1
3,42101028800,4245,45.1,21,35
4,42101028800,4245,46.1,23.4,35.7
5,42101028800,4251,46.7,24.9,42.1
1,42101028901,3857,36.2,21.6,35.9
2,42101028901,3857,42,20.5,36.7
3,42101028901,3857,41.1,20.2,34.6
4,42101028901,3857,41.9,22.4,35.4
5,42101028901,3932,37.9,21.7,38.5
1,42101028902,6315,34.3,21.3,34.9
2,42101028902,6315,40.7,20.5,36.3
3,42101028902,6315,39.6,20.1,34.3
4,42101028902,6315,40.4,22.4,35
5,42101028902,6047,35.6,20.7,38.2
1,42101029000,6160,35.4,21.1,36
2,42101029000,6160,39.6,19.3,35.5
3,42101029000,6160,38.5,18.9,33.6
4,42101029000,6160,39.3,20.8,34.2
5,42101029000,6195,41.1,22,38.7
1,42101029100,4685,37.9,22.2,34.1
2,42101029100,4685,43.3,20.9,34.1
3,42101029100,4685,42.3,19.8,32.1
4,42101029100,4685,43.4,22.2,32.8
5,42101029100,4826,37.9,21,35.1
1,42101029200,4080,28.7,18.2,32
2,42101029200,4080,34.9,17.7,33.1
3,42101029200,4080,33.7,18.3,31
4,42101029200,4080,34.1,19.5,31.8
5,42101029200,4205,25.8,17.5,32.5
1,42101029300,2891,38.2,25.4,39.6
2,42101029300,2891,45.7,24.9,40.4
3,42101029300,2891,44.1,23,38.4
4,42101029300,2891,45.5,26.2,39.2
5,42101029300,3026,32.4,21.6,38.8
1,42101029400,3141,44.1,28.2,43.7
2,42101029400,3141,49.4,25.8,43.8
3,42101029400,3141,47.8,23.3,41.8
4,42101029400,3141,49.5,27,42.5
5,42101029400,3308,46.4,26.1,46.2
1,42101029800,4715,32.5,22,35.7
2,42101029800,4715,38.8,21.5,36.2
3,42101029800,4715,37.1,20.9,34.1
4,42101029800,4715,38.2,23,35
5,42101029800,4847,38.2,23.8,40.4
1,42101029900,4700,35.4,24,39.4
2,42101029900,4700,41.7,22.9,39.7
3,42101029900,4700,40,22.1,37.7
4,42101029900,4700,41.3,24.7,38.5
5,42101029900,4617,38.3,24,42.5
1,42101030000,7478,34.3,22.7,39.5
2,42101030000,7478,41.2,21.9,40
3,42101030000,7478,39.5,21,38
4,42101030000,7478,40.7,23.5,38.7
5,42101030000,7402,34.8,21.9,40
1,42101030100,5869,32.2,22.1,38.5
2,42101030100,5869,38.3,21.5,39
3,42101030100,5869,36.4,20.8,37
4,42101030100,5869,37.6,23.3,37.8
5,42101030100,6215,33.7,21.9,42.1
1,42101030200,7345,27.6,19.5,34.1
2,42101030200,7345,32.4,18.3,34.5
3,42101030200,7345,30.8,19,32.5
4,42101030200,7345,31.4,20.3,33.4
5,42101030200,7431,29.6,19.9,37.7
1,42101030501,5231,31,21.3,36.2
2,42101030501,5231,36.6,20.2,36.7
3,42101030501,5231,34.8,20.1,34.7
4,42101030501,5231,35.6,22.2,35.5
5,42101030501,5450,35.7,22.7,40.7
1,42101030502,5839,28.8,19.2,34.9
2,42101030502,5839,33.9,18.5,35.5
3,42101030502,5839,32.3,18.7,33.5
4,42101030502,5839,33,20.3,34.3
5,42101030502,5847,34.9,21.7,40.7
1,42101030600,7115,24.1,15.2,27.7
2,42101030600,7115,28.8,14.9,28.5
3,42101030600,7115,27.7,15.8,26.5
4,42101030600,7115,28.1,16.5,27.4
5,42101030600,7142,27,17.4,32.8
1,42101030700,3235,26,18.6,30.8
2,42101030700,3235,29.8,17.4,30.6
3,42101030700,3235,28.1,17.7,28.6
4,42101030700,3235,28.9,19.2,29.6
5,42101030700,3743,25.2,18.4,33.6
1,42101030800,4874,23.7,16.4,27.7
2,42101030800,4874,27.1,15.3,27.6
3,42101030800,4874,25.8,16.1,25.6
4,42101030800,4874,26.2,16.9,26.6
5,42101030800,5138,24.6,16.9,29.6
1,42101030900,3991,29,19,31.3
2,42101030900,3991,34.8,18.4,31.8
3,42101030900,3991,33.4,18.4,29.8
4,42101030900,3991,34,19.9,30.6
5,42101030900,4137,29.2,19.3,34.1
1,42101031000,6755,27.3,17.5,27.9
2,42101031000,6755,33.1,17.4,29.3
3,42101031000,6755,31.7,17.5,27.3
4,42101031000,6755,32.4,18.8,28.1
5,42101031000,7266,31.4,19.7,31.5
1,42101031101,4898,32.5,21.8,34.8
2,42101031101,4898,39.1,21.3,35.3
3,42101031101,4898,37.5,20.5,33.4
4,42101031101,4898,38.5,22.8,34.1
5,42101031101,5194,31,20.5,35.8
1,42101031102,4465,32.4,21.8,36.7
2,42101031102,4465,37.8,20.8,36.5
3,42101031102,4465,36.2,20.4,34.6
4,42101031102,4465,37.1,22.5,35.3
5,42101031102,4618,34.4,22.1,39
1,42101031200,4673,31,20.5,33.6
2,42101031200,4673,35.8,19,33.5
3,42101031200,4673,34.5,19.2,31.5
4,42101031200,4673,35.1,20.7,32.3
5,42101031200,4804,29,19.6,35.9
1,42101031300,6945,31.6,20,30.2
2,42101031300,6945,37.7,19.7,31.1
3,42101031300,6945,36.4,19.1,29.1
4,42101031300,6945,37.2,21,29.9
5,42101031300,7416,32.3,20.4,32.3
1,42101031401,6664,32.4,21.3,30.6
2,42101031401,6664,35.9,19.2,29.9
3,42101031401,6664,34.6,18.9,28
4,42101031401,6664,35.3,20.6,28.8
5,42101031401,7456,34.5,22,31.2
1,42101031402,5595,33,19.9,28.7
2,42101031402,5595,39.3,19.5,29.7
3,42101031402,5595,38.1,18.6,27.7
4,42101031402,5595,39.1,20.6,28.5
5,42101031402,5956,38.2,20.7,30.4
1,42101031501,6217,23.6,18.3,27.6
2,42101031501,6217,27.7,17.5,28.2
3,42101031501,6217,25.7,17.8,26.3
4,42101031501,6217,26.4,19.1,27.4
5,42101031501,7381,29.3,19.9,31
1,42101031502,4018,28,19.6,30.3
2,42101031502,4018,31.8,18.5,30.2
3,42101031502,4018,29.9,18.2,28.1
4,42101031502,4018,31,19.8,29.2
5,42101031502,4746,32,20.5,31.3
1,42101031600,6045,27,19.5,29.5
2,42101031600,6045,32.7,19.2,30.5
3,42101031600,6045,30.8,18.8,28.4
4,42101031600,6045,31.9,20.5,29.5
5,42101031600,6729,31.3,20.1,31.7
1,42101031700,6093,27,18.6,29.9
2,42101031700,6093,32.6,18.2,30.7
3,42101031700,6093,31.2,18.5,28.6
4,42101031700,6093,31.9,19.8,29.6
5,42101031700,6597,34.8,21.4,35.4
1,42101031800,4017,28.4,18.8,32.5
2,42101031800,4017,32.2,17.3,32.4
3,42101031800,4017,30.8,17.9,30.4
4,42101031800,4017,31.4,19.2,31.2
5,42101031800,4093,29.9,19.9,36
1,42101031900,4971,25.7,19.2,30.9
2,42101031900,4971,32.1,19.2,32.1
3,42101031900,4971,30.4,19.5,30.1
4,42101031900,4971,31.1,20.9,31.1
5,42101031900,5133,31,20.9,37.8
1,42101032000,6599,24,17.5,28.3
2,42101032000,6599,27.5,16.3,28.7
3,42101032000,6599,25.8,17,26.6
4,42101032000,6599,26.3,18,27.7
5,42101032000,7327,31.5,21.1,35.9
1,42101032100,3903,28.7,20.9,33
2,42101032100,3903,32.8,19.6,32.9
3,42101032100,3903,31,19.4,30.8
4,42101032100,3903,31.8,21.2,31.9
5,42101032100,3985,25,18.7,33.8
1,42101032300,3835,27.7,20.4,32.4
2,42101032300,3835,32.7,19.6,32.5
3,42101032300,3835,30.8,19.6,30.5
4,42101032300,3835,31.6,21.2,31.5
5,42101032300,4078,34.6,24.1,39.4
1,42101032500,5766,29.5,21.6,33.2
2,42101032500,5766,34,20.4,33
3,42101032500,5766,32,19.9,30.9
4,42101032500,5766,33,21.8,32
5,42101032500,6210,29.4,21.4,36.1
1,42101032600,6942,25.6,19.1,29.7
2,42101032600,6942,30.4,18.4,29.9
3,42101032600,6942,28.5,18.5,27.8
4,42101032600,6942,29.3,19.9,28.9
5,42101032600,7761,23.3,18.2,31.4
1,42101032900,4089,28.1,19.5,31.8
2,42101032900,4089,33,18.9,32.2
3,42101032900,4089,31.2,18.8,30.1
4,42101032900,4089,32.2,20.3,31.1
5,42101032900,4431,24.3,17.8,32.3
1,42101033000,7645,28.8,21.8,32.9
2,42101033000,7645,34.5,21.2,33.3
3,42101033000,7645,32.5,20.6,31.4
4,42101033000,7645,33.6,22.8,32.4
5,42101033000,8213,28.5,21,36
1,42101033101,4913,20.7,16.6,26.5
2,42101033101,4913,26.7,17.2,27.9
3,42101033101,4913,24.7,17.7,25.9
4,42101033101,4913,25.4,18.7,27.1
5,42101033101,5398,25.9,20,31.4
1,42101033102,4145,25.9,18.6,29.3
2,42101033102,4145,29.2,17.4,29.2
3,42101033102,4145,27.4,17.6,27.2
4,42101033102,4145,28.4,18.9,28.3
5,42101033102,4478,21.5,17.7,30.2
1,42101033200,2741,21.3,15.5,25
2,42101033200,2741,26.3,15.4,25.8
3,42101033200,2741,24.7,16.3,23.7
4,42101033200,2741,25.2,16.8,24.8
5,42101033200,3292,29.7,19,28.2
1,42101033300,4244,25.5,13.4,25.3
2,42101033300,4244,29.4,12.9,26
3,42101033300,4244,28.7,13.5,23.8
4,42101033300,4244,29.4,14.1,24.8
5,42101033300,4339,26.1,15.2,27.4
1,42101033400,4734,26.8,15.7,26.3
2,42101033400,4734,30.2,14.8,26.5
3,42101033400,4734,29.3,15.2,24.5
4,42101033400,4734,30.1,16.1,25.4
5,42101033400,5447,29,17.4,29.5
1,42101033500,3680,26.9,17.7,27.9
2,42101033500,3680,31.4,17.1,28.2
3,42101033500,3680,30,17,26.2
4,42101033500,3680,30.9,18.4,27.2
5,42101033500,4214,30.9,19,29.7
1,42101033600,6866,23,16.5,26.9
2,42101033600,6866,31.3,18.1,29.9
3,42101033600,6866,29.6,17.9,27.8
4,42101033600,6866,30.6,19.4,28.9
5,42101033600,8155,28.5,19.5,32.7
1,42101033701,5128,28.6,17,27.6
2,42101033701,5128,32.1,15.9,27.8
3,42101033701,5128,30.9,16,25.6
4,42101033701,5128,32,17.1,26.5
5,42101033701,5672,25.7,16.1,29.1
1,42101033702,5175,26.2,16.9,27.2
2,42101033702,5175,28.4,15.4,26.8
3,42101033702,5175,27.1,16,24.8
4,42101033702,5175,27.7,16.8,25.8
5,42101033702,5679,21.1,14.8,25.9
1,42101033800,6040,23.2,16.2,26.8
2,42101033800,6040,26.1,14.9,26.6
3,42101033800,6040,24.6,15.7,24.5
4,42101033800,6040,25.1,16.4,25.6
5,42101033800,6285,23.4,16.4,28.7
1,42101033900,2924,24.7,18.1,28.3
2,42101033900,2924,27.4,16.3,27.8
3,42101033900,2924,25.7,16.8,25.8
4,42101033900,2924,26.4,17.7,26.8
5,42101033900,3106,26,18,31
1,42101034000,2872,22.2,15.2,25.9
2,42101034000,2872,24,13.7,25.5
3,42101034000,2872,22.7,14.7,23.4
4,42101034000,2872,23.2,15.2,24.5
5,42101034000,2971,20.3,14.6,26.5
1,42101034100,5577,19,14.5,24.6
2,42101034100,5577,21.8,13.7,24.7
3,42101034100,5577,20.1,15,22.7
4,42101034100,5577,20.6,15.4,23.8
5,42101034100,5829,23.4,18.1,29.2
1,42101034200,3399,25.1,13.3,24.9
2,42101034200,3399,25.1,11.5,23.9
3,42101034200,3399,24.3,12.5,21.8
4,42101034200,3399,25,12.8,22.7
5,42101034200,3732,24.7,15.1,28.1
1,42101034400,7662,19.2,12.7,22.9
2,42101034400,7662,22.7,12.3,23.6
3,42101034400,7662,21.6,13.5,21.5
4,42101034400,7662,21.9,13.7,22.5
5,42101034400,7814,20.8,14.7,25.3
1,42101034501,3370,28.4,14.4,26.3
2,42101034501,3370,30.4,13.2,25.7
3,42101034501,3370,29.9,13.5,23.6
4,42101034501,3370,30.5,14.3,24.5
5,42101034501,3783,24.3,15.5,28.2
1,42101034502,5285,22,15.8,27.3
2,42101034502,5285,26.4,15.3,28.3
3,42101034502,5285,24.9,15.9,26.3
4,42101034502,5285,25.5,16.9,27.3
5,42101034502,5928,23.2,17.2,29.5
1,42101034600,2250,26,16.9,29.2
2,42101034600,2250,30.7,16.5,29.9
3,42101034600,2250,29.3,16.7,27.9
4,42101034600,2250,30.1,18.1,28.7
5,42101034600,2840,21.6,15.3,28.6
1,42101034701,6399,23.5,15.6,26.5
2,42101034701,6399,26.5,14.5,26.7
3,42101034701,6399,25.2,15.4,24.6
4,42101034701,6399,25.8,16,25.6
5,42101034701,6736,23.8,16,27.7
1,42101034702,3807,19.3,13.9,24.4
2,42101034702,3807,22.7,13.5,25.1
3,42101034702,3807,21.3,14.7,23
4,42101034702,3807,21.8,15.1,24.1
5,42101034702,3896,19.3,15.2,27
1,42101034801,4299,23.7,16.2,27.4
2,42101034801,4299,27.2,15.4,27.8
3,42101034801,4299,25.7,16,25.5
4,42101034801,4299,26.4,16.6,26.7
5,42101034801,4553,22.8,16.7,29.5
1,42101034802,5373,22.7,16.9,28.9
2,42101034802,5373,27.4,16.4,29.7
3,42101034802,5373,25.6,17.1,27.7
4,42101034802,5373,26.2,18.1,28.8
5,42101034802,5570,21.3,17,30.3
1,42101034803,4390,20.1,14.4,25.5
2,42101034803,4390,24.6,14.3,26.8
3,42101034803,4390,22.9,15.1,24.6
4,42101034803,4390,23.6,15.7,25.7
5,42101034803,4516,21.9,17.4,29.4
1,42101034900,5543,26.8,18.9,30.5
2,42101034900,5543,30,17.5,30.1
3,42101034900,5543,28.3,17.8,28
4,42101034900,5543,28.9,18.9,29.1
5,42101034900,5740,27,18.6,33.2
1,42101035100,4086,24.3,12.9,25.2
2,42101035100,4086,27.2,12,25.7
3,42101035100,4086,26.6,12.7,23.3
4,42101035100,4086,27.3,13.1,24.3
5,42101035100,4268,24.6,14.9,29
1,42101035200,4482,20.4,15.2,24.8
2,42101035200,4482,23.4,14.5,25
3,42101035200,4482,21.8,15.5,22.8
4,42101035200,4482,22.3,16,24
5,42101035200,4871,20.1,15.9,26.3
1,42101035301,5300,20.2,16.3,26
2,42101035301,5300,25.6,16.4,27.3
3,42101035301,5300,23.8,17.2,25.2
4,42101035301,5300,24.4,18,26.4
5,42101035301,5260,20.4,17.5,28.2
1,42101035302,4462,21.7,15.8,26.4
2,42101035302,4462,25.3,15.2,26.9
3,42101035302,4462,23.7,16.1,24.8
4,42101035302,4462,24.3,16.7,25.9
5,42101035302,4719,21.1,17,29.1
1,42101035500,7282,23.1,15.2,25.9
2,42101035500,7282,26.2,14.3,26.1
3,42101035500,7282,24.9,15,24
4,42101035500,7282,25.6,15.7,25
5,42101035500,8239,23.5,16.2,27.2
1,42101035601,5439,22.7,13,23.3
2,42101035601,5439,25,11.9,23.6
3,42101035601,5439,24.3,12.7,21.4
4,42101035601,5439,24.7,13.1,22.3
5,42101035601,5794,21.8,13.6,23.9
1,42101035602,3617,20,13.2,22.9
2,42101035602,3617,22.1,12.3,23
3,42101035602,3617,21,13.6,21.1
4,42101035602,3617,21.2,13.8,22.1
5,42101035602,3693,20.2,13.9,23.8
1,42101035701,4745,24.6,16.1,25.6
2,42101035701,4745,28.1,15.5,25.6
3,42101035701,4745,26.7,15.7,23.7
4,42101035701,4745,27.4,17,24.6
5,42101035701,5528,22.8,15.5,24.6
1,42101035702,4405,24.8,18.8,29.5
2,42101035702,4405,27.3,17,28.6
3,42101035702,4405,25.2,17.1,26.6
4,42101035702,4405,26.1,18.5,27.6
5,42101035702,5181,21.8,17.8,28.1
1,42101035800,5948,20.8,14.5,25.2
2,42101035800,5948,26.3,14.8,27.1
3,42101035800,5948,25,15.4,25
4,42101035800,5948,25.6,16.1,26
5,42101035800,6282,22.8,14.9,27.6
1,42101035900,5309,23.4,14.1,24.4
2,42101035900,5309,26.6,13.6,25
3,42101035900,5309,25.5,14.2,22.8
4,42101035900,5309,26.1,14.8,23.9
5,42101035900,5361,26.4,15.4,27.3
1,42101036000,3201,24.6,12.9,22.4
2,42101036000,3201,28,12.3,22.9
3,42101036000,3201,27.3,12.9,20.9
4,42101036000,3201,28,13.4,21.7
5,42101036000,3247,24.5,13.4,23.7
1,42101036100,4083,22.4,17.1,28.3
2,42101036100,4083,26.3,16.2,28.4
3,42101036100,4083,24.4,17.1,26.3
4,42101036100,4083,25,17.9,27.4
5,42101036100,4029,19.2,17.2,28.6
1,42101036201,4744,19.7,15,25.7
2,42101036201,4744,23.5,14.4,26.3
3,42101036201,4744,22,15.4,24.1
4,42101036201,4744,22.5,15.9,25.3
5,42101036201,5093,24.3,18.9,29.4
1,42101036202,6138,21.2,15.5,26.3
2,42101036202,6138,24.3,14.6,26.7
3,42101036202,6138,22.6,15.6,24.5
4,42101036202,6138,23.1,16.1,25.7
5,42101036202,6191,20,16.1,27.8
1,42101036203,5129,19.6,14.8,25.2
2,42101036203,5129,23,14.2,25.8
3,42101036203,5129,21.4,15.4,23.7
4,42101036203,5129,21.8,15.7,24.9
5,42101036203,5134,19.9,15.9,27.2
1,42101036301,3695,24,17.1,27.5
2,42101036301,3695,29.7,17.3,29
3,42101036301,3695,28,17.3,26.8
4,42101036301,3695,28.9,18.5,27.9
5,42101036301,3843,25.9,18,29.6
1,42101036302,3543,20.5,16.1,27.2
2,42101036302,3543,26,16.2,28.4
3,42101036302,3543,24.1,17.1,26.3
4,42101036302,3543,24.7,17.9,27.4
5,42101036302,3712,24.1,19.4,31
1,42101036303,6726,21,15.5,26.7
2,42101036303,6726,24.6,15,27
3,42101036303,6726,22.8,15.8,24.8
4,42101036303,6726,23.5,16.5,26
5,42101036303,6695,21,17.5,27.9
1,42101036400,703,36.7,15.8,32.1
2,42101036400,703,39.8,14.3,31.7
3,42101036400,703,38.9,13.2,29.5
4,42101036400,703,39.8,14.5,30.1
5,42101036400,971,27.5,11.5,30.1
1,42101036501,5562,23.4,16.5,27.7
2,42101036501,5562,27.5,15.8,28.2
3,42101036501,5562,25.9,16.4,26.1
4,42101036501,5562,26.7,17.3,27.2
5,42101036501,5698,21.3,16.9,28.6
1,42101036502,4077,19.5,14.9,25.1
2,42101036502,4077,22.1,13.7,25.2
3,42101036502,4077,20.5,14.9,23.1
4,42101036502,4077,21,15.2,24.2
5,42101036502,4130,17.9,14.9,26.4
1,42101036600,1643,12.9,11.3,21.8
2,42101036600,1643,16.2,11.2,22.4
3,42101036600,1643,14.7,12.9,20.6
4,42101036600,1643,15,13.1,21.5
5,42101036600,2171,12.5,12.9,23.3
1,42101036700,2542,12.2,12.5,22.8
2,42101036700,2542,14.2,11.4,22.2
3,42101036700,2542,12.5,13.5,20.7
4,42101036700,2542,12.7,13.8,21.5
5,42101036700,3856,12.5,15.5,24.1
1,42101036900,6966,18.3,22.4,18.7
2,42101036900,6966,25.8,23.8,19.5
3,42101036900,6966,23.7,22.8,18.2
4,42101036900,6966,24.4,27.5,19.1
5,42101036902,6598,18.9,24.7,20.4
1,42101037200,4244,26.7,16.9,27
2,42101037200,4244,31.4,16.6,28
3,42101037200,4244,30.3,16.7,25.9
4,42101037200,4244,31.2,17.8,27
5,42101037200,4524,27.2,16.5,27.6
1,42101037300,5137,19.1,13.8,24.7
2,42101037300,5137,22.6,13.4,25.2
3,42101037300,5137,21.1,14.5,23.2
4,42101037300,5137,21.6,14.9,24.2
5,42101037300,5913,17.5,13.8,25.9
1,42101037500,3771,17.8,15.5,26.5
2,42101037500,3771,21.7,15,27
3,42101037500,3771,20.2,16.4,25.2
4,42101037500,3771,20.6,17.5,26
5,42101037500,4074,18.2,17.5,29
1,42101037600,2986,19.9,15,27.5
2,42101037600,2986,24.1,14.2,27.4
3,42101037600,2986,22.1,14.7,25.8
4,42101037600,2986,22.5,16.1,26.4
5,42101037600,3664,15.5,14.8,24.4
1,42101037700,5635,27.7,25.9,30.8
2,42101037700,5635,33.2,24.9,30.1
3,42101037700,5635,31,23.9,28.3
4,42101037700,5635,31.9,27.9,29.2
5,42101037700,4583,33.1,28.8,35.9
1,42101037800,2504,21.6,17.9,27.6
2,42101037800,2504,24.5,16.5,27.2
3,42101037800,2504,22.6,17.2,25.2
4,42101037800,2504,23.1,18.3,26.3
5,42101037800,2389,17.3,17.7,27.4
1,42101037900,5315,23,17.7,27.6
2,42101037900,5315,26.5,16.7,27.7
3,42101037900,5315,24.6,17.2,25.6
4,42101037900,5315,25.4,18.2,26.8
5,42101037900,5313,20.1,16.8,29.3
1,42101038000,2375,30.3,21.8,32.9
2,42101038000,2375,36.5,21.2,33.5
3,42101038000,2375,34.4,20.3,31.3
4,42101038000,2375,35.6,22.3,32.4
5,42101038000,2502,30.9,21.2,34.7
1,42101038100,833,33.4,24.1,37
2,42101038100,833,38.5,22.5,36.8
3,42101038100,833,36.3,21.3,34.7
4,42101038100,833,37.6,23.7,35.7
5,42101038100,753,28.5,20,35.3
1,42101038200,2631,32.6,22.9,35.1
2,42101038200,2631,41.2,23.5,36.5
3,42101038200,2631,39.3,21.9,34.4
4,42101038200,2631,40.8,24.6,35.4
5,42101038200,2801,32.7,22.5,36.9
1,42101038300,4157,35.5,21.6,40.5
2,42101038300,4157,43.6,21.2,40.8
3,42101038300,4157,42,20.1,38.9
4,42101038300,4157,42.8,22.7,39.4
1,42101038400,2437,19.2,13.2,25
2,42101038400,2437,23,13,26.1
3,42101038400,2437,21.8,14,23.9
4,42101038400,2437,22.4,14.4,25
1,42101038500,1888,14.4,11,22.6
2,42101038500,1888,17,10.6,22.9
3,42101038500,1888,15.7,12.3,20.9
4,42101038500,1888,16.1,12.3,21.9
1,42101038600,1320,13.2,9.8,23.3
2,42101038600,1320,15.2,9.1,23.6
3,42101038600,1320,14.1,11,21.4
4,42101038600,1320,14.4,10.7,22.4
1,42101038700,2348,16.4,13.7,22.4
2,42101038700,2348,18.9,12.9,22.7
3,42101038700,2348,17.6,14.5,20.7
4,42101038700,2348,17.9,15,21.7
1,42101038800,3718,15.2,11.4,25.8
2,42101038800,3718,18.4,11.1,26.8
3,42101038800,3718,17.3,12.9,24.7
4,42101038800,3718,17.5,12.9,25.6
1,42101038900,3080,30.2,17.9,39.2
2,42101038900,3080,36.5,17.4,40.8
3,42101038900,3080,35.3,17.5,38.7
4,42101038900,3080,36.1,18.9,39.2
1,42101039000,8154,32.8,22.1,38.2
2,42101039000,8154,37.8,20.5,37.9
3,42101039000,8154,36,20.2,35.9
4,42101039000,8154,37,22.4,36.7
1,42101980000,601,14.2,19.7,18.6
2,42101980000,601,15.9,16.9,16.4
3,42101980000,601,14.1,18.7,15.1
4,42101980000,601,14.1,20.5,16
1,42101980100,74,21.8,14.6,27.7
2,42101980100,74,20.7,12.5,25.6
3,42101980100,74,19.3,13.6,23.6
4,42101980100,74,19.8,14.1,24.5
1,42101980200,504,36.3,11.5,20.9
2,42101980200,504,35.7,9.9,20.6
3,42101980200,504,36.5,10.4,18.3
4,42101980200,504,37.3,10.6,19.1
1,42101989100,7765,38.7,27.8,44.1
2,42101989100,7765,47.8,26.6,43.8
3,42101989100,7765,44.4,22.7,42.4
4,42101989100,7765,45.9,27.6,42.6
